Max,Min  ,STD,Kurtosis,Skewness,Class
2.984814532,1.168864276,0.147750234,15.83597845,-1.991657038,0
2.884450603,1.185363319,0.163563329,9.794410854,-1.406156965,0
2.933216173,1.137017682,0.173689204,23.4456368,-3.060910593,0
2.940840375,2.119462017,0.135658579,3.656691201,-0.836315979,0
2.931511412,1.161739076,0.130313655,26.03355118,-2.721045968,0
2.916180139,1.077837158,0.155051086,20.59180785,-2.51195713,0
2.95879043,1.314487847,0.163514139,5.5694584,-0.899628207,0
2.90687901,1.220106931,0.173777012,20.41949177,-2.810643113,0
2.888919684,1.221664193,0.15112649,14.67342406,-1.953315742,0
2.904806296,1.093977359,0.161311196,22.40968465,-2.766030635,0
2.882102095,1.279115254,0.137813121,24.45836694,-2.769287714,0
2.926870868,1.982368677,0.137926026,4.007186233,-0.897746694,0
2.899798279,1.025828224,0.177441846,15.60319152,-2.135712894,0
2.905450026,1.971713873,0.155267717,3.271140286,-0.687754533,0
2.924120666,1.212452088,0.160685102,12.15933247,-1.676952437,0
2.928038076,1.165436952,0.15348437,13.51031689,-1.740012103,0
2.89206216,1.21123055,0.139526768,11.44521081,-1.53013957,0
2.857331013,1.120015245,0.148337017,27.68189503,-3.265646728,0
2.934104857,1.235138111,0.155771354,7.333061435,-1.13912362,0
2.971611942,1.284624861,0.167077415,8.654860794,-1.2715825,0
2.919832513,1.21229913,0.149999482,12.22808726,-1.600675912,0
2.8951288,1.209669992,0.169248212,20.91901868,-2.750225499,0
2.873349451,1.227002422,0.141193348,10.43505848,-1.456038137,0
2.968100973,1.164442668,0.147052421,23.27046278,-2.67451956,0
2.898024238,1.215658891,0.157956011,19.19863923,-2.525339482,0
2.904877979,1.295890836,0.156111398,6.358344562,-0.993612078,0
2.982940651,1.200433433,0.173882886,12.5981692,-1.760734703,0
2.348546434,0.941019289,0.137127998,23.96752705,-3.176691821,0
2.423806998,1.042839061,0.125239199,13.11488888,-1.707267073,0
2.990143543,1.119173266,0.142317227,19.62771765,-2.228111506,0
2.405403537,1.018457116,0.107999887,31.5002975,-3.31730034,0
2.393310588,0.979894611,0.134656182,9.967350094,-1.3898599,0
2.396063871,0.928341862,0.146765059,25.936398,-3.389051583,0
2.428641019,1.797343336,0.110519758,3.432029651,-0.792511523,0
2.37615986,1.004925147,0.124818203,23.90221549,-3.034889505,0
2.415269486,0.934395084,0.145969591,19.79227681,-2.615150757,0
2.397374293,0.952737357,0.127472469,17.99662016,-2.265376086,0
2.439274661,0.93149373,0.135442703,27.5619224,-3.303660842,0
2.364299396,0.972271134,0.119473326,21.3564951,-2.523262279,0
2.369266396,0.9646841,0.118674139,24.711665,-2.916458136,0
2.961665233,1.217557033,0.155919724,18.30617254,-2.321017979,0
2.366137964,0.899788474,0.143477147,13.02523496,-1.832959557,0
2.37339289,0.915141799,0.126140546,20.92611467,-2.587334158,0
2.337236662,0.934676429,0.12629497,22.18123314,-2.781256028,0
2.367182247,1.647895997,0.100476658,4.901278268,-1.150600641,0
2.354005354,0.986028799,0.144561768,13.34991022,-1.906218163,0
2.380511633,0.943959021,0.130122437,19.2781049,-2.353210488,0
2.384801142,0.913183917,0.134595895,26.86270197,-3.320900715,0
2.383300575,0.980020929,0.122329397,19.36301039,-2.554106943,0
2.306856931,0.853712532,0.130258902,11.79285417,-1.492342486,0
2.302497989,0.918584159,0.119774437,16.28273657,-1.943098252,0
2.948777476,1.227224866,0.164439145,10.33158034,-1.422010103,0
2.280902172,1.037345782,0.107907184,10.25564788,-1.47741744,0
2.258033733,1.005908372,0.12107155,21.9418127,-2.948022586,0
2.260185223,0.923966221,0.129498982,12.84052342,-1.739618481,0
2.28919726,0.885827562,0.12978654,22.40645808,-2.819825782,0
2.289991336,0.977975768,0.108402699,11.54071831,-1.594535247,0
2.229379822,0.806002556,0.120973089,25.51067446,-3.037840929,0
2.319556286,0.982686427,0.13676471,7.399959673,-1.088150561,0
2.387683253,1.032758604,0.124450312,15.78795071,-2.055750438,0
2.363401463,0.940147142,0.129034476,19.59579606,-2.55417818,0
2.308299523,0.948396744,0.113082109,20.28955847,-2.498892693,0
2.94523148,1.206626892,0.172948862,13.3364592,-1.838583704,0
2.290270651,0.944641775,0.14522792,14.8962583,-2.221501211,0
2.345398092,0.919507243,0.124117333,20.46568786,-2.448031347,0
2.325781821,1.034260469,0.111988868,9.03015426,-1.319623726,0
2.30057255,0.924878385,0.101482874,30.55134064,-2.936832064,0
2.293685156,0.991877124,0.130343193,11.13205639,-1.631618473,0
2.321040429,0.969189209,0.11869661,15.79080405,-2.029909837,0
2.382379364,1.013175673,0.130993094,11.68030819,-1.573896816,0
2.319732201,0.950941252,0.127766924,17.75680647,-2.396347415,0
0.31951444,0.128620905,0.021113779,6.470954226,-0.831783436,0
0.330991108,0.127373939,0.022975204,6.644073676,-0.876285813,0
2.980502624,1.093544428,0.17359743,24.09073534,-3.111058189,0
0.338954611,0.140200179,0.021936028,5.27741695,-0.706591084,0
0.334441452,0.113448923,0.02142704,7.987588276,-0.945538566,0
0.330486939,0.121869493,0.022428358,5.637710696,-0.698780038,0
0.338223711,0.130818721,0.021934316,8.302329597,-1.061745636,0
0.333046206,0.131788914,0.020829105,6.25179177,-0.788403755,0
0.331817104,0.135526109,0.021647884,5.543266204,-0.677524909,0
0.331202374,0.130521562,0.021743027,4.045806802,-0.295099954,0
0.31548282,0.112302626,0.021979737,8.016009786,-1.104195268,0
2.680669543,1.122244402,0.158078647,11.63202077,-1.630876274,0
2.726386191,1.042727361,0.154269533,20.96273216,-2.60695051,0
2.907605444,2.105133364,0.135250763,3.493544774,-0.780012638,0
2.700839685,0.992086297,0.146605533,21.47365284,-2.56368397,0
2.695789095,1.060290827,0.141571898,20.05296172,-2.396249678,0
2.680225414,0.991896734,0.120951003,31.60220502,-2.944559803,0
2.669484981,1.067011739,0.148365544,14.20283849,-1.914034599,0
2.664042459,1.133410706,0.150044468,11.18940055,-1.575349914,0
2.699622142,1.060755584,0.162272352,22.0522164,-2.912217262,0
2.804217856,1.132723067,0.129907694,23.58088146,-2.528917863,0
2.646564153,1.023712095,0.124273339,25.08620829,-2.576680994,0
2.661763729,1.055498274,0.141664265,15.38513643,-2.036760041,0
2.670362186,1.146704641,0.15335717,9.621828462,-1.378277617,0
2.980436475,1.200534891,0.140031231,17.08692559,-2.051851904,0
2.704545382,0.999166598,0.150118444,23.15423584,-2.809963711,0
2.663249151,1.180939308,0.138959609,13.47695249,-1.841258774,0
2.684602631,1.126567696,0.127437225,11.63235085,-1.522686489,0
2.663846916,1.017658124,0.139815089,17.82659581,-2.27354218,0
2.65728521,1.005172684,0.152022302,10.06921562,-1.445852225,0
2.656168796,1.056240498,0.148802227,18.8857561,-2.357622396,0
2.668314803,1.08486278,0.144956781,15.86838346,-2.092445823,0
2.814884762,1.105847262,0.135271944,28.79004617,-3.042735493,0
2.927280256,1.102405742,0.172281411,24.6326832,-3.059635497,0
2.915048671,1.36865867,0.14053439,8.326584685,-1.277905594,0
2.909661152,1.23128944,0.143526968,10.09973548,-1.388416292,0
2.883794123,1.154729837,0.139924254,20.13695715,-2.338558361,0
2.889994766,1.089748049,0.148120565,22.7443605,-2.714512212,0
2.922083876,2.024670853,0.149420899,3.483001592,-0.74044308,0
2.941749015,1.030792446,0.17517647,16.13564806,-2.140966459,0
2.895022724,1.13628977,0.160408239,20.41290852,-2.496699696,0
2.951181286,1.234410366,0.151148566,16.84658315,-2.156086065,0
2.921151319,1.176316577,0.145474841,22.76124598,-2.705729751,0
2.918453214,2.005230538,0.13027622,4.412665973,-1.015970354,0
2.944919044,1.170746026,0.160101633,11.11230719,-1.511822093,0
2.928215158,1.213523763,0.170926558,13.52785189,-1.88315475,0
3.323907645,0.88249274,0.315912541,3.747532898,0.039892568,1
3.392921921,0.843304193,0.396218881,3.081443448,-0.449595889,1
2.197163268,0.784221694,0.218333523,2.761967118,0.553784849,1
2.136261293,0.601519038,0.217451431,3.383042462,0.080238073,1
2.080110771,0.570679578,0.208503353,4.023912678,0.394936142,1
2.087350922,0.597100878,0.212813322,3.240376391,0.880922439,1
2.24920759,0.798424672,0.281295564,1.925726469,-0.059435694,1
2.895791866,0.393396305,0.534554635,3.749409621,1.43073914,1
1.919463308,0.371562609,0.235698292,9.115018332,2.511253292,1
2.43645934,0.448117504,0.391792855,2.667550327,0.88168972,1
2.307158013,0.821177932,0.364378776,1.714247463,-0.115561946,1
2.485160015,0.598112111,0.272214555,4.733377981,0.711395545,1
3.554925474,1.196680042,0.327548796,3.258045035,-0.013165367,1
2.500488459,0.929154234,0.374469826,1.820839252,0.281474341,1
3.080507813,0.573995339,0.463434654,4.32918887,1.496250579,1
2.696381421,0.650055335,0.384611071,2.164193672,0.229773911,1
2.467225549,0.569925661,0.360196834,2.860583333,0.900077126,1
2.343019572,0.512020581,0.257714924,4.33578639,0.699530035,1
3.582738683,1.174662269,0.251660454,5.620073755,-0.309353502,1
3.198054792,1.033589404,0.254912747,4.590502505,-0.240191652,1
3.240927822,1.00206268,0.224311321,9.067713005,-1.310130505,1
3.162193111,1.424086906,0.231757483,3.669310871,-0.606329223,1
3.206852608,1.229494709,0.223609548,7.088755886,-1.097964244,1
3.462483436,0.876239055,0.411983134,2.82255639,0.662038496,1
3.22316038,1.096204509,0.209079777,6.533029407,-0.463907523,1
3.283507249,1.266292868,0.225277826,6.615393022,-0.899499823,1
3.24413596,1.174479858,0.203435003,12.96527633,-1.696054374,1
3.364492408,1.372170093,0.230374072,3.969830699,-0.578217438,1
3.330340922,1.261908204,0.19573464,7.40970531,-0.217897384,1
3.267885274,1.197668608,0.376587851,2.485024477,-0.511795128,1
3.506641938,0.940903913,0.460443738,2.038695386,-0.413823323,1
3.465848025,1.413391196,0.422716054,1.705479974,-0.007843159,1
3.391209602,1.132808192,0.336608261,2.311107463,-0.449675521,1
3.568895539,1.03382737,0.428409325,2.038648249,-0.201509324,1
3.375729852,0.942122334,0.373519043,2.696986997,-0.300059032,1
3.520881642,1.415771477,0.448843448,1.835148039,-0.266216837,1
3.527679459,1.153510377,0.402043058,2.291776053,-0.011094177,1
3.386545274,1.075006279,0.413216946,1.981446978,-0.420681436,1
3.41691483,1.01725273,0.365914715,2.717216449,-0.317823219,1
3.469516224,1.022990611,0.416223825,2.026664861,-0.161744209,1
3.592934879,1.086979868,0.3155711,3.420749262,0.318242249,1
3.445265998,1.086320701,0.332582044,3.517264155,0.538149199,1
3.497689455,1.091972734,0.314939515,4.0363714,-0.497222841,1
3.466866337,1.11559901,0.399805049,2.480720366,-0.515351401,1
3.346958984,1.009845603,0.32142706,3.074330229,-0.049319496,1
3.535382841,0.825564517,0.39573999,3.616464689,0.758079581,1
3.371327158,0.889506149,0.308906789,3.717609547,0.103698157,1
2.838767379,0.50750118,0.432175186,2.432939951,-0.366478647,1
2.496067176,0.863866953,0.45949009,1.650615304,-0.380850455,1
2.331274081,0.835967091,0.339334346,2.449380123,-0.750256977,1
2.333815571,0.807658746,0.274686066,3.173196996,-0.847534661,1
2.698876834,0.735877479,0.405929093,2.110602838,-0.397837572,1
3.678360464,0.939571056,0.379968024,3.289970801,0.210558156,1
2.530617068,0.933787041,0.376044641,2.109888996,-0.513506766,1
2.655810862,0.604359306,0.4615818,1.712829071,-0.328321621,1
2.792172977,0.719641017,0.522956347,1.782197723,-0.329774739,1
2.981357243,1.089046103,0.502593642,1.689295006,-0.252265529,1
2.906354822,0.833386402,0.539221808,1.623985657,-0.172255113,1
2.616860706,0.636348046,0.402369782,1.810013799,-0.119180888,1
2.879125297,0.751020121,0.466519245,1.768598664,0.266809856,1
2.886915056,0.686045453,0.448959456,1.95962501,-0.512564576,1
3.022717936,1.210055407,0.501836016,1.79920751,0.323751343,1
3.007466026,1.280713185,0.487324871,1.595115905,0.176877865,1
3.446914392,1.526640705,0.350154283,2.770109774,-0.283829001,1
3.194715702,0.598911999,0.579909701,3.476430347,-1.015769635,1
2.887093862,0.653896326,0.420706147,5.359627585,-1.194987873,1
3.095484329,0.530058002,0.539321656,2.874984581,-0.42848369,1
2.927233606,0.332508899,0.541819771,2.765951522,-0.764884564,1
2.701817282,0.777652552,0.280252265,5.931210306,-1.078224935,1
3.612247895,1.14414826,0.421004866,2.745090728,-0.681641492,1
4.072256672,0.948864785,0.444760518,2.639522654,-0.401261184,1
3.752915993,1.469960779,0.382423936,2.591066745,-0.677154976,1
3.638340892,1.068877945,0.354091746,3.309057458,-0.519532483,1
3.704254038,1.263794956,0.399139356,2.314438181,-0.280481158,1
3.465092073,1.009584518,0.351691269,3.178082729,0.214912211,1
2.765464754,0.917528175,0.233280029,4.043511837,-0.60016723,1
3.165944018,1.151575883,0.266539269,4.587274941,-0.965363556,1
2.934547258,0.966313776,0.271255257,4.329532591,-1.130657477,1
3.092999486,1.020369846,0.290636109,4.157536315,-0.778344745,1
3.038040396,1.229060995,0.253713992,3.509359571,-0.737140307,1
3.879407218,1.179097359,0.548692513,3.37725871,1.189688753,1
4.236802233,0.771324865,0.623523502,2.287327932,-0.547401619,1
4.047518824,0.685087408,0.642237826,3.657626456,1.313843511,1
4.28264075,1.076102987,0.866170258,1.643868557,0.42985883,1
4.120206519,0.706949648,0.920108482,1.428627093,-0.097457295,1
3.231352236,1.032918258,0.342397291,2.512418188,0.566289679,1
4.285272588,0.61987911,0.92060059,2.183634991,0.824511351,1
3.852655369,0.610365018,0.782560816,2.453539347,0.935744521,1
3.78531871,0.524473214,0.944971269,1.355886786,0.103008403,1
4.0462381,0.551762463,1.036850548,1.364933961,0.017964626,1
4.100222618,0.455919735,0.937327949,1.731461011,0.540012141,1
2.853666671,0.025829991,0.492091833,5.299193922,-1.367406219,1
2.863191878,0.021671088,0.569669022,4.886005536,-1.549227121,1
2.885502851,0.034646543,0.693199056,2.594420415,-0.803660021,1
2.89615533,0.120158348,0.837667597,1.413937469,0.155090477,1
2.958682694,0.058042244,0.770847392,2.058773037,-0.681115014,1
3.457356249,0.884508058,0.391563519,2.355486634,-0.163764698,1
3.019462797,0.069350027,0.873488239,1.324202027,-0.037291971,1
2.999697345,0.078471067,0.807801852,1.728697925,-0.452965065,1
3.029272516,0.080977089,0.798573804,2.002771414,-0.61361379,1
3.058926833,0.110591042,0.798931691,2.138707944,-0.834456581,1
2.939765061,0.658459057,0.309417506,5.301953477,-1.029565509,1
2.691475439,0.676236331,0.439080348,2.476879538,-0.202592205,1
2.769680493,1.207980643,0.38860025,1.862011593,0.0210137,1
2.17953595,0.961656671,0.231830159,3.675134807,-0.929668032,1
2.521134259,0.649992423,0.362605462,2.181571618,-0.608987673,1
2.770569108,0.555449521,0.443197054,1.831388501,-0.340163663,1
3.527393614,0.79641275,0.397696672,3.045691307,0.256487532,1
2.711557175,0.701627921,0.416564439,1.589127653,-0.092537559,1
2.761422284,0.726977332,0.423663142,1.532162842,0.057675896,1
2.664693749,0.731873775,0.351236609,2.138442972,0.012357347,1
2.652931729,0.616002216,0.358997897,1.971346125,-0.136395619,1
2.678304871,0.712361524,0.397649818,1.770893323,-0.230516882,1
2.664584544,0.652216371,0.415008707,1.592356951,-0.251505498,1
2.640878432,0.625428544,0.454811677,1.531885668,-0.017581246,1
2.725027412,0.955781235,0.367787724,1.947056366,0.28082636,1
2.796566762,0.744209052,0.394921285,1.936421184,-0.135461326,1
2.814552117,1.213011882,0.427738329,1.415638567,-0.081498833,1
3.476412638,0.962702068,0.340610383,3.446075299,0.413545804,1
2.635970833,0.689381952,0.37780583,2.500461117,0.695759917,1
3.059064248,0.923006696,0.414860771,2.115630772,0.53319037,1
3.456575538,0.557431665,0.432423671,2.463385554,0.564899426,1
2.851204628,0.728158291,0.47153263,1.614554391,0.202275497,1
2.799014503,0.655007601,0.460953443,1.856354309,0.381375595,1
2.235583513,0.053053396,0.38750821,3.10068613,0.423956019,1
2.139774234,0.457459308,0.319608327,1.851268277,0.019690273,1
2.206985773,0.606483491,0.288292931,2.605826707,0.681511103,1
2.526568324,0.263218342,0.383871985,2.667636825,-0.016637137,1
2.335601455,0.308170925,0.395178256,2.48844762,-0.34201802,1
3.404290634,1.50031868,0.39388173,2.822977433,0.261163903,1
2.179893874,0.380282961,0.474512883,1.402992199,-0.074597155,1
2.355022152,0.733913765,0.468912006,1.315150065,0.044719653,1
2.471747135,0.804546821,0.313009461,3.518621311,0.814686029,1
2.10948259,0.409312276,0.32686264,2.754543304,0.716224591,1
2.353186368,0.393433436,0.428755303,2.203495006,0.216968695,1
3.065992445,0.520284189,0.311470502,2.667608589,0.535503027,1
2.101499228,0.607702083,0.190886678,5.136312851,1.068814158,1
2.116547852,0.63600278,0.189160465,4.793059626,1.247403256,1
2.325882535,0.625212302,0.255530299,4.489326279,0.832294882,1
2.129370289,0.643960732,0.213525225,3.094639329,0.473417488,1
3.677630431,1.083482746,0.423033354,2.110687175,0.105433244,2
3.253712537,0.925989269,0.324095018,2.477528974,0.172791904,2
1.87796075,0.849497548,0.229024395,1.646254359,0.000406897,2
1.976956252,0.678822982,0.166640406,3.740879488,0.072020539,2
1.964848657,0.672369065,0.160613916,4.128060189,-0.479651922,2
2.044865556,0.588201059,0.174795978,4.392239715,0.022653448,2
1.968309973,0.547975829,0.250809203,1.841477202,0.211707046,2
1.94927051,0.553111569,0.208107629,3.135502751,0.76702685,2
2.015498386,0.615489768,0.222973047,2.986221977,0.588170395,2
1.968175947,1.080224289,0.145560583,3.201959655,0.593948152,2
2.045095303,0.576402214,0.242751561,1.964610161,0.116417423,2
2.670882089,0.472729558,0.482464109,2.145716885,-0.621625071,2
3.310173981,0.929256833,0.388302219,1.940400322,-0.003988629,2
2.272509314,0.829142955,0.288164802,2.41399613,-0.370899239,2
2.286728945,0.533829023,0.283499894,3.229705987,-0.217952109,2
2.354978899,0.7048109,0.316495543,2.120669226,-0.249036104,2
2.031308762,0.673107667,0.25572242,2.888880275,-0.884753582,2
2.062871194,0.512437965,0.257111917,4.635900187,-1.198039807,2
2.333138236,0.541966013,0.396514139,2.64740608,-0.809670829,2
2.381009694,0.496183976,0.361659563,3.0416726,-0.625774269,2
2.46741046,0.529383961,0.464176158,2.172657809,-0.634672884,2
2.472015411,0.435750914,0.409977805,2.727987285,-0.600187985,2
3.085104957,1.041947495,0.328211382,3.01791671,-0.095842356,2
3.417910352,1.332838127,0.361381215,1.899544266,0.15431756,2
2.996661911,0.995487234,0.328844144,2.394573938,0.351687553,2
3.33907376,1.129816545,0.368569006,2.762863128,0.711932038,2
3.26374369,0.820855158,0.366601382,2.775515296,0.476349479,2
3.08352069,0.926198325,0.332521311,2.47623497,0.400098028,2
3.760499519,1.184866302,0.277881785,3.65811761,0.020641911,2
3.158927138,1.075635115,0.31743546,3.238083201,-0.725842177,2
3.031862765,0.858235956,0.292612834,4.1805942,-0.736725217,2
3.055758737,1.629419549,0.33367812,2.565646658,0.745355915,2
3.297177795,0.9783932,0.272724953,3.655417142,-0.594644964,2
3.34573099,1.306728106,0.192947803,12.8965475,-1.554953489,2
3.447147061,1.033605333,0.344805794,3.024555382,0.525240251,2
3.095843801,1.33143071,0.193332505,4.810211691,-0.596772706,2
3.162950426,1.264421269,0.205368927,6.215496429,-0.885924378,2
3.14013886,1.067361296,0.21887638,10.40156117,-1.2454719,2
3.086225111,2.085198802,0.159776452,3.263670094,-0.165295656,2
3.177877742,1.251452807,0.169575481,13.53189082,-1.501705533,2
2.982843278,1.282717993,0.189061711,8.135356767,-1.264274066,2
3.053840249,1.210027551,0.18402974,10.71201894,-1.437910082,2
3.116205818,1.112028568,0.190895821,16.78591704,-2.251094502,2
3.178207681,2.089833032,0.160186186,3.538795989,-0.210173907,2
3.546260333,1.247627477,0.287846123,3.317468698,0.494261791,2
3.354212102,1.020850482,0.316500082,3.737479997,0.039366863,2
3.273277811,1.777983311,0.299906271,2.365735681,0.259395815,2
3.565656738,0.968683133,0.347403942,3.135598205,0.692307141,2
3.276362418,1.019928695,0.31385375,2.649065406,0.397259862,2
3.221329974,1.155954945,0.314766703,2.49784434,-0.087256871,2
3.345018584,1.161286106,0.306197348,3.21309971,0.488372526,2
2.532363207,0.851308703,0.294835807,2.935613036,0.328787115,2
3.310836906,1.100434049,0.258395228,5.597963089,0.172842021,2
2.544034772,0.762243111,0.316324557,2.750595868,0.629301872,2
2.545702893,0.838516669,0.300593108,3.347895226,-0.026179676,2
2.658707603,0.581335049,0.332710968,3.072137811,0.818379697,2
2.619430698,0.635394009,0.309584209,3.864844898,0.915448085,2
3.413757227,0.770349313,0.331893527,3.682721471,0.701255001,2
2.653106066,0.543540198,0.39789078,2.557989939,0.750354641,2
2.775037574,0.653381505,0.373215209,3.413732074,0.83384576,2
2.626947032,1.007465879,0.326157449,3.196104425,0.828668812,2
2.575895724,0.83606792,0.283712075,3.630482978,0.19244758,2
2.689211463,0.641181598,0.372145209,2.953173544,0.718953692,2
3.501370727,1.035462057,0.3455321,3.106613419,0.244084587,2
2.606659938,0.62260434,0.306479555,3.824845493,-0.707007622,2
2.642953105,0.790697307,0.323738374,3.245447635,0.357555324,2
2.546063622,0.784569595,0.30459551,3.689915036,-0.025042495,2
2.592583035,0.546673247,0.360760069,2.848671994,0.141438993,2
2.133232039,0.05091832,0.337929715,6.819282999,1.362249934,2
2.593275261,0.034463534,0.456991931,8.16218059,2.200503342,2
2.596582556,0.045777374,0.489890114,5.933489322,1.908133778,2
2.750522522,0.00837357,0.750792313,3.546938334,1.455379875,2
2.796992752,0.017439007,0.664592195,5.220995983,1.900163031,2
4.036178417,1.397612003,0.253532823,7.240763599,0.060805828,2
3.484685018,1.088060132,0.266197798,4.613593098,0.567775517,2
4.341723648,1.148193224,0.491332261,2.709153592,0.294833923,2
3.725446983,1.069786178,0.35592025,3.028075272,0.345497146,2
3.569601639,0.99734339,0.25239001,8.911837921,-1.078649401,2
3.516636069,1.298391639,0.240482984,4.555028966,0.56652952,2
3.795491241,1.159495153,0.296867103,4.707202486,0.319489659,2
4.045625457,1.807302292,0.388905453,2.459449202,-0.090433492,2
4.089350565,1.028468634,0.358528237,4.693839242,-0.441752523,2
4.107414381,1.316951866,0.365650237,4.066366978,0.122750575,2
4.293442643,1.76202679,0.3905,2.587609968,-0.137612392,2
2.983500304,0.053883968,0.774619409,3.694393352,1.527986365,2
3.473767013,1.089066107,0.267010715,3.572497534,0.147787699,2
2.883200387,0.011641014,0.798140338,3.451845483,1.389540197,2
2.925364053,0.036618915,0.755826506,4.713395586,1.80679517,2
3.032384468,0.116153392,0.578860098,6.072735089,1.961129924,2
3.073562373,0.23032728,0.805026998,3.870003595,1.54860874,2
2.988393055,0.0104002,0.924838168,1.716689288,0.642949964,2
3.144250014,0.168629723,0.919489144,1.821369476,0.764090056,2
3.181594323,0.047448426,1.027683837,1.264076432,0.213153984,2
3.185261529,0.086005952,0.879653847,3.280867075,1.388558786,2
3.117337336,0.122898645,0.932393128,1.912355349,0.774725993,2
4.210525084,1.141109472,0.606602185,3.821157452,-1.326307101,2
3.469675177,1.040743952,0.297859743,3.382193945,0.096089503,2
3.911615208,1.052294941,0.643964608,3.374909594,-1.212334851,2
4.187345098,1.135337714,0.740756371,2.355805464,-0.858947883,2
4.345281838,1.109215255,0.853468363,1.957051808,-0.693226649,2
4.517032076,1.180745615,0.741569575,2.54637639,-0.839549497,2
4.278272429,1.095564688,0.944957106,1.422478743,-0.23770696,2
4.287605221,0.705069398,0.930413259,1.3959747,-0.068544351,2
4.226775239,1.003355174,0.759430071,3.310536746,-1.203020807,2
4.204427029,1.082275739,0.717730444,3.767194353,-1.343545906,2
4.377520837,1.176409438,0.710424631,3.652015959,-1.23585292,2
2.671052429,0.562815639,0.43153687,1.945789402,0.147158009,2
3.446426495,1.040435451,0.351727634,2.761311586,0.42548999,2
2.712780458,0.646015804,0.429758255,2.036901314,0.25679412,2
2.690990224,0.663742813,0.430163237,2.077134728,0.451171056,2
2.636389943,0.570243622,0.444789229,2.087855761,0.580585326,2
2.626285647,0.636442177,0.389337455,2.127771683,0.654459666,2
2.626022297,0.605168035,0.427284095,1.811451393,0.32915539,2
2.743251318,0.591035875,0.440928079,1.99126785,0.455328684,2
2.682154189,0.651358492,0.441279406,1.870797313,0.403755517,2
2.62035811,1.22560731,0.327685882,1.849481905,0.404979367,2
2.632992796,0.927439657,0.343904009,2.15851399,0.095240932,2
2.683295754,0.815505059,0.404308798,1.635291992,0.152753965,2
3.470183357,0.980138078,0.325565047,3.149930338,0.21816398,2
2.805333129,0.849665293,0.406813719,2.344949387,-0.193479112,2
2.688134766,0.709565652,0.38931307,1.970795214,0.342554408,2
2.975699332,0.603914637,0.447796062,2.224461039,0.550071468,2
2.798631464,0.901107562,0.392570371,2.494316367,0.501150124,2
2.738347928,0.735998784,0.468217206,1.522466532,0.239997887,2
2.731069839,0.813620956,0.425492278,1.637399103,-0.198124791,2
2.646874139,0.492054201,0.42370926,1.796798185,-0.163381948,2
2.623444906,0.607883211,0.455677722,1.751652105,-0.239941176,2
2.800638932,0.834879828,0.432469158,1.710727923,-0.018939267,2
1.771106275,0.192476039,0.321815298,2.749377055,0.626562922,2
3.371644985,1.07202015,0.306629097,3.187295331,0.110355015,2
1.821801774,0.154957576,0.448271119,1.880624713,0.456229463,2
1.642732697,0.221684267,0.362072156,1.530952699,0.14496393,2
1.602486068,0.528300846,0.24768746,1.883861751,0.377834509,2
1.428866013,0.289105976,0.259989111,1.989677574,0.478924257,2
1.588630217,0.192078538,0.355074781,1.618784201,0.35737238,2
1.487297216,0.143076381,0.376751047,1.531787428,0.247107372,2
1.31515491,0.242656945,0.290700441,1.898232793,-0.035763813,2
1.529369312,0.132803839,0.37082598,1.609940367,0.407630824,2
1.522832001,0.154262165,0.292452066,2.445958247,0.763618941,2
2.08066231,0.71364523,0.360874343,1.726515394,0.443809308,2
2.56966222,0.089835471,0.374336223,4.598690589,-0.801222961,3
5.036683512,0.752731046,0.718843085,3.924606813,-1.100596552,3
2.673041662,0.102430433,0.546543511,2.537869414,0.471405856,3
2.519756022,0.274145967,0.515615085,2.055709983,-0.01847921,3
1.665630118,0.023492462,0.361736402,2.35718993,0.122813372,3
2.713373467,0.106287771,0.523990229,2.386035162,-0.090311606,3
1.801094771,0.058494783,0.406177399,1.997629302,0.048960935,3
2.748113509,0.369019953,0.442973858,2.550991333,0.212174992,3
2.276279448,0.13248814,0.401515741,2.64874665,-0.036601727,3
3.350762414,0.38535268,0.484953211,4.451745328,0.954139321,3
2.852310388,0.211837377,0.425435996,4.164414298,-0.912040128,3
2.188389949,0.369624374,0.36298112,2.720532627,-0.489771712,3
5.297400773,0.959103864,0.77354317,3.53789078,-0.908140079,3
3.23451005,0.266380676,0.577656514,2.222415645,-0.27927205,3
3.11045745,0.16277092,0.504214138,3.069229958,0.207396697,3
3.073779398,0.259775115,0.591101332,2.216035563,-0.360118422,3
2.58970414,0.050435688,0.413565618,3.429834623,-0.255212308,3
3.075902954,0.252744759,0.57079521,2.389744889,-0.351278245,3
3.480753533,0.695204358,0.555611393,2.573623621,-0.153157811,3
3.34534048,0.969161317,0.422063856,2.773968413,-0.138449234,3
3.428561308,0.72554475,0.56593755,2.607767297,-0.478362004,3
3.276374615,0.75230212,0.360501814,3.675891986,-0.235109045,3
3.326308306,1.019791734,0.42896611,2.868882365,-0.090423043,3
4.667666404,0.767526461,0.737916702,3.711265873,-1.109007678,3
3.597813683,0.927475745,0.464825913,2.908486234,-0.063095186,3
3.280903298,0.786557369,0.419872061,3.910547494,-0.612865724,3
3.263059175,0.674093053,0.483108783,2.997792128,-0.282909289,3
3.270529701,0.913487538,0.356991044,3.820879087,-0.104721649,3
3.378989457,0.771365535,0.419159401,3.499559092,-0.012759669,3
2.94907579,0.65588682,0.423090741,2.574069447,-0.341225761,3
2.96750559,0.492350005,0.42878257,3.502977205,-0.542848668,3
3.131366951,0.499289916,0.438975403,3.084295232,-0.362119451,3
3.161840352,0.129474976,0.611063334,3.117184799,-0.795223123,3
3.303507681,1.094916527,0.354716327,2.98684682,0.058318804,3
4.891944183,0.850883064,0.748911083,3.311371555,-0.920601134,3
3.499406753,0.588972355,0.563393885,2.364968386,0.059274383,3
2.875281385,0.653675706,0.528153643,2.077651192,-0.169693394,3
2.926005616,1.118029188,0.377873852,2.40330376,-0.224391284,3
3.296068457,0.588175012,0.381696791,3.035041586,0.693277944,3
3.232892852,0.740616246,0.367396299,3.158455299,0.129038547,3
3.343943324,0.832084333,0.403275264,3.051901143,-0.162833495,3
3.514354197,0.561857329,0.478136171,2.914222741,-0.105007886,3
2.960914842,1.048216647,0.352091257,2.632896899,-0.457988303,3
3.030187279,0.591035829,0.506078571,2.35310567,-0.359487847,3
3.075576425,0.854142383,0.316563345,3.190130607,-0.08962088,3
4.667836549,0.758226157,0.740482775,3.884878122,-1.234946356,3
2.340888715,0.071139643,0.473282258,3.222640264,0.525709245,3
4.57262658,0.800361307,0.686354773,3.56817056,-1.108387274,3
5.010533857,1.275356305,0.683242203,3.549868537,-0.838603859,3
5.328170002,1.158547215,0.736494475,3.607541434,-0.992382716,3
4.928274876,1.0646867,0.720336655,4.231812731,-1.270406661,3
5.321859826,0.81550796,0.778777852,4.015525211,-1.10310791,3
2.921857816,0.181808658,0.524924792,2.62326776,-0.356006973,3
5.374367486,1.047320025,0.695752423,4.653797813,-1.177982293,3
4.598590336,1.232036336,0.647657458,3.78097399,-1.087628699,3
5.053095151,0.686007287,0.685037079,3.832771883,-0.963470581,3
4.791902961,1.1701311,0.689666927,3.489824796,-0.840821674,3
4.921279719,1.146618182,0.700338991,3.843067823,-1.112920268,3
5.578642821,0.829404465,0.761086671,3.667678499,-0.979048992,3
5.101932084,1.201775,0.691111652,3.832436377,-1.08749863,3
4.609431149,1.100674551,0.662939052,3.108372145,-0.724348517,3
4.991861919,1.32276807,0.740821011,3.652135115,-1.038161827,3
5.193465932,1.25971178,0.732437475,3.277463124,-0.851287497,3
2.332411189,0.149011016,0.433366415,3.375438514,-0.833526789,3
5.000020823,0.765393062,0.722161869,4.002048165,-1.242290454,3
4.670786278,1.091133421,0.715670084,3.102911908,-0.915452634,3
4.817988271,1.108997852,0.71039509,3.833441767,-1.155651052,3
4.725368817,0.912456862,0.658273696,3.53381774,-1.042867614,3
3.090971255,0.06116534,0.931681288,1.451244445,-0.051833219,3
2.595154136,0.865667624,0.222521029,3.201699587,-0.403446814,3
2.739472377,0.800653218,0.21764115,4.06523193,0.040707447,3
2.884034485,0.13471944,0.70493284,2.197466757,0.628034535,3
2.703538793,0.997853768,0.226922416,3.407940132,-0.140902913,3
2.557594846,0.932996167,0.221924168,3.314145007,0.207627417,3
3.504411156,0.232283777,0.606363129,2.504149871,-0.118316138,3
2.562197894,0.2087642,0.62071949,1.617928866,0.10849648,3
3.031167027,0.041476401,0.656721588,3.178738328,-1.018444039,3
2.72590189,0.137334076,0.345520481,8.563188503,-1.490382471,3
2.845936671,0.05138058,0.729904174,1.617052204,0.283376951,3
2.742776541,0.898302949,0.235247545,3.219737387,-0.101887188,3
2.8657051,1.065836565,0.263010645,3.017084678,0.230896271,3
2.422409273,0.10713297,0.554254589,2.48204677,0.81801591,3
2.836581348,0.024488385,0.457317122,7.919660183,-1.980053312,3
2.61446928,1.030867687,0.229207077,2.589497447,0.003667915,3
2.658570464,0.293212046,0.469088984,5.108189215,-1.558887319,3
2.225800682,0.147313349,0.353334391,3.468901223,-0.384369964,3
3.00579524,0.045016284,0.73043334,1.541733834,0.330712403,3
2.731111804,0.801179213,0.243512148,4.66630063,-0.221420258,3
2.691117689,0.068507445,0.632311776,2.293431547,0.719671218,3
2.740961853,0.806734959,0.239672997,4.926742098,-0.161196318,3
2.112116589,0.403768677,0.35005717,2.4498918,-0.152357247,3
2.336029236,0.281139899,0.401523329,2.63914034,0.531000301,3
1.983382228,0.248328346,0.355702067,2.26663218,-0.131177259,3
2.559932403,0.13742343,0.376400898,4.752521469,0.970576587,3
2.280035562,0.347890859,0.326841618,3.069530105,0.409748038,3
3.158204216,0.339445134,0.657931748,1.99826358,0.083683437,3
3.366158207,0.200270348,0.669888423,2.022384429,-0.217031773,3
3.297163048,0.201115314,0.823847314,1.713300675,-0.037556601,3
3.646174277,0.140663532,0.742048574,1.874895021,-0.121399603,3
3.074226261,0.301282251,0.688000782,1.647612048,-0.021270377,3
2.847656215,0.097210367,0.683527472,1.851170815,-0.204021991,3
3.105080344,0.026195885,0.823307742,1.614647428,-0.308174893,3
3.44733053,0.068208107,0.742007834,1.983139204,-0.227631469,3
3.298297493,0.459006,0.716395523,1.845355227,0.432191413,3
3.309562281,0.222347369,0.730765327,1.683964378,-0.087801256,3
3.941651939,0.254348809,0.896127055,1.685776206,-0.218875895,3
3.168262749,1.162698679,0.299978121,2.651608612,-0.042463157,3
3.34551443,0.261188777,0.508090055,3.898943667,0.405283773,3
1.596199824,0.028072509,0.384511701,2.152204148,0.40713103,3
1.732154469,0.013080792,0.320671153,4.299189914,1.117651276,3
2.037366037,0.026352189,0.395797927,2.914808607,0.482947437,3
1.601857558,0.033947138,0.216194029,5.370799051,1.034769147,3
1.648695699,0.043002673,0.378461637,2.287208157,0.426171099,3
1.008952418,0.035576028,0.176157027,3.355113435,0.642755123,3
1.892819739,0.019836746,0.399720217,2.787635052,0.556644971,3
2.074217117,0.016138091,0.39369855,6.904145487,2.033992649,3
1.667147934,0.010808481,0.36795369,2.317856497,0.345012117,3
2.641910177,0.530560703,0.38982388,2.407563689,-0.1981667,3
3.2800435,0.068410919,0.588436811,2.628549934,-0.094144988,3
3.099184151,0.514840289,0.510647445,2.827689808,-0.197412728,3
3.021911476,0.657505089,0.47797771,2.333698336,0.18660498,3
2.557645347,0.766637519,0.364055529,2.724832329,-0.56865162,3
3.06901072,0.720681162,0.481946092,2.946137805,-0.325594565,3
2.754347203,0.328685215,0.377945729,3.254344285,-0.328255599,3
2.976800796,0.643191866,0.386268409,2.807003957,-0.119099081,3
2.99927758,0.568516998,0.446718428,2.598104161,0.186851076,3
2.729843383,0.548206605,0.440196679,2.510506998,-0.439323204,3
2.941852555,0.62301489,0.348333533,3.336072919,-0.12841992,3
2.630556791,0.615250444,0.37747919,2.839749225,-0.323835339,3
4.977474015,1.079148867,0.714927972,3.10734415,-0.796771223,3
2.972580442,0.631712171,0.465836455,2.426101322,0.055356967,3
2.810486942,0.832402507,0.335643298,3.062958236,-0.379002541,3
3.002131084,0.855375752,0.469086557,2.318790169,0.282211392,3
2.699519096,0.698617416,0.389937983,2.606557113,-0.041408427,3
2.872970039,0.697162604,0.37655119,2.825742595,-0.399885277,3
2.873802469,0.609255257,0.413033506,2.844409801,0.183687202,3
2.933617148,0.405984107,0.39577165,2.922984872,-0.078660244,3
2.90587633,0.524328634,0.482860052,2.358721364,-0.332769094,3
2.874112611,0.861015382,0.37051463,2.834415666,-0.293254766,3
2.79919138,0.176071215,0.590318828,2.401170496,0.680905641,3
